bin_left,bin_right,bin_weight,mean_prob,observed_freq,abs_gap,lead_h,region
0.0,0.1,0.8908490732109381,9.999999974752431e-07,0.09577138071851517,0.09577038071851769,24,Europe
0.1,0.2,0.0,,,,24,Europe
0.2,0.30000000000000004,0.0022033418827696084,0.25,0.12215537747572562,0.12784462252427437,24,Europe
0.30000000000000004,0.4,0.0,,,,24,Europe
0.4,0.5,0.0,,,,24,Europe
0.5,0.6000000000000001,0.0012772579607501985,0.5,0.1182500500061092,0.3817499499938908,24,Europe
0.6000000000000001,0.7000000000000001,0.0,,,,24,Europe
0.7000000000000001,0.8,0.0014778128282014764,0.75,0.09934712189762032,0.6506528781023797,24,Europe
0.8,0.9,0.0,,,,24,Europe
0.9,1.0,0.10419251411734057,0.9999989867210389,0.1329728372210219,0.867026149500017,24,Europe
0.0,0.1,0.9379309882731935,9.999999974752427e-07,0.0991180875318605,0.09911708753186302,48,Europe
0.1,0.2,0.0,,,,48,Europe
0.2,0.30000000000000004,0.0012904818572861093,0.25,0.11499655540607125,0.13500344459392877,48,Europe
0.30000000000000004,0.4,0.0,,,,48,Europe
0.4,0.5,0.0,,,,48,Europe
0.5,0.6000000000000001,0.0010759370677509488,0.5,0.11700651035608668,0.38299348964391333,48,Europe
0.6000000000000001,0.7000000000000001,0.0,,,,48,Europe
0.7000000000000001,0.8,0.0015419205335598523,0.75,0.13375845045035845,0.6162415495496416,48,Europe
0.8,0.9,0.0,,,,48,Europe
0.9,1.0,0.05816067226820957,0.9999989867210388,0.10529876673725168,0.8947002199837871,48,Europe
0.0,0.1,0.9687714611653546,9.999999974752423e-07,0.09912755082963902,0.09912655082964154,72,Europe
0.1,0.2,0.0,,,,72,Europe
0.2,0.30000000000000004,0.0005925726264230109,0.25,0.11365629140611812,0.1363437085938819,72,Europe
0.30000000000000004,0.4,0.0,,,,72,Europe
0.4,0.5,0.0,,,,72,Europe
0.5,0.6000000000000001,0.000584812055978182,0.5,0.11235660955928532,0.38764339044071466,72,Europe
0.6000000000000001,0.7000000000000001,0.0,,,,72,Europe
0.7000000000000001,0.8,0.000737475866422539,0.75,0.12245591691827723,0.6275440830817227,72,Europe
0.8,0.9,0.0,,,,72,Europe
0.9,1.0,0.02931367828582162,0.9999989867210389,0.0988218889409602,0.9011770977800787,72,Europe
0.0,0.1,0.9785247915220459,9.999999974752427e-07,0.09911672220220796,0.09911572220221049,96,Europe
0.1,0.2,0.0,,,,96,Europe
0.2,0.30000000000000004,0.0005637363039427047,0.25,0.1112848068843048,0.1387151931156952,96,Europe
0.30000000000000004,0.4,0.0,,,,96,Europe
0.4,0.5,0.0,,,,96,Europe
0.5,0.6000000000000001,0.00045314863457345406,0.5,0.12306416671107727,0.3769358332889227,96,Europe
0.6000000000000001,0.7000000000000001,0.0,,,,96,Europe
0.7000000000000001,0.8,0.0005818550302830865,0.75,0.11822369176481493,0.631776308235185,96,Europe
0.8,0.9,0.0,,,,96,Europe
0.9,1.0,0.019876468509154893,0.9999989867210388,0.0965549703522158,0.903444016368823,96,Europe
0.0,0.1,0.982851578898439,9.999999974752427e-07,0.09898655295364973,0.09898555295365226,120,Europe
0.1,0.2,0.0,,,,120,Europe
0.2,0.30000000000000004,0.0006516896765002695,0.25,0.10990504712947018,0.1400949528705298,120,Europe
0.30000000000000004,0.4,0.0,,,,120,Europe
0.4,0.5,0.0,,,,120,Europe
0.5,0.6000000000000001,0.0004688652883520556,0.5,0.11034484436366192,0.38965515563633807,120,Europe
0.6000000000000001,0.7000000000000001,0.0,,,,120,Europe
0.7000000000000001,0.8,0.0005742500433485341,0.75,0.0758550454477348,0.6741449545522652,120,Europe
0.8,0.9,0.0,,,,120,Europe
0.9,1.0,0.015453616093360191,0.9999989867210388,0.0973785851923294,0.9026204015287094,120,Europe
0.0,0.1,0.9846321331475674,9.99999997475243e-07,0.0988220650772721,0.09882106507727463,144,Europe
0.1,0.2,0.0,,,,144,Europe
0.2,0.30000000000000004,0.0005999864085631853,0.25,0.09367363443013421,0.1563263655698658,144,Europe
0.30000000000000004,0.4,0.0,,,,144,Europe
0.4,0.5,0.0,,,,144,Europe
0.5,0.6000000000000001,0.00035877139854617504,0.5,0.0836238855909641,0.4163761144090359,144,Europe
0.6000000000000001,0.7000000000000001,0.0,,,,144,Europe
0.7000000000000001,0.8,0.0003694944531718261,0.75,0.12276569871427283,0.6272343012857272,144,Europe
0.8,0.9,0.0,,,,144,Europe
0.9,1.0,0.01403961459215149,0.9999989867210389,0.10509693499523622,0.8949020517258027,144,Europe
0.0,0.1,0.9880415157751603,9.99999997475242e-07,0.09847477757177175,0.09847377757177428,168,Europe
0.1,0.2,0.0,,,,168,Europe
0.2,0.30000000000000004,0.000457197304748889,0.25,0.1003014110219549,0.1496985889780451,168,Europe
0.30000000000000004,0.4,0.0,,,,168,Europe
0.4,0.5,0.0,,,,168,Europe
0.5,0.6000000000000001,0.00034750883955781005,0.5,0.0853699834894196,0.4146300165105804,168,Europe
0.6000000000000001,0.7000000000000001,0.0,,,,168,Europe
0.7000000000000001,0.8,0.0003697132943425174,0.75,0.11054683444050066,0.6394531655594994,168,Europe
0.8,0.9,0.0,,,,168,Europe
0.9,1.0,0.010784064786190478,0.9999989867210389,0.10323287740450411,0.8967661093165348,168,Europe
0.0,0.1,0.9898642238850754,9.999999974752425e-07,0.09802424036235267,0.0980232403623552,192,Europe
0.1,0.2,0.0,,,,192,Europe
0.2,0.30000000000000004,0.00045554979614254476,0.25,0.12608923958011897,0.12391076041988103,192,Europe
0.30000000000000004,0.4,0.0,,,,192,Europe
0.4,0.5,0.0,,,,192,Europe
0.5,0.6000000000000001,0.0003366920183587454,0.5,0.12173560919972594,0.3782643908002741,192,Europe
0.6000000000000001,0.7000000000000001,0.0,,,,192,Europe
0.7000000000000001,0.8,0.0003987079001062327,0.75,0.10182451956590641,0.6481754804340936,192,Europe
0.8,0.9,0.0,,,,192,Europe
0.9,1.0,0.008944826400317003,0.9999989867210388,0.10680369477312539,0.8931952919479135,192,Europe
0.0,0.1,0.9899581463512075,9.999999974752427e-07,0.09796410178504317,0.09796310178504569,216,Europe
0.1,0.2,0.0,,,,216,Europe
0.2,0.30000000000000004,0.0004603249976282806,0.25,0.10117207765165871,0.1488279223483413,216,Europe
0.30000000000000004,0.4,0.0,,,,216,Europe
0.4,0.5,0.0,,,,216,Europe
0.5,0.6000000000000001,0.0002844709794032237,0.5,0.11653922257525091,0.3834607774247491,216,Europe
0.6000000000000001,0.7000000000000001,0.0,,,,216,Europe
0.7000000000000001,0.8,0.00037651381883658055,0.75,0.11853164519873632,0.6314683548012636,216,Europe
0.8,0.9,0.0,,,,216,Europe
0.9,1.0,0.008920543852924411,0.9999989867210387,0.10512448027445452,0.8948745064465842,216,Europe
0.0,0.1,0.9911733807100801,9.999999974752431e-07,0.09824032401822551,0.09823932401822803,240,Europe
0.1,0.2,0.0,,,,240,Europe
0.2,0.30000000000000004,0.00036677017702698133,0.25,0.07779444431351863,0.17220555568648138,240,Europe
0.30000000000000004,0.4,0.0,,,,240,Europe
0.4,0.5,0.0,,,,240,Europe
0.5,0.6000000000000001,0.0003053434866187725,0.5,0.11710451926548017,0.38289548073451984,240,Europe
0.6000000000000001,0.7000000000000001,0.0,,,,240,Europe
0.7000000000000001,0.8,0.0003786214871063416,0.75,0.11165023946174019,0.6383497605382598,240,Europe
0.8,0.9,0.0,,,,240,Europe
0.9,1.0,0.007775884139167843,0.9999989867210388,0.10828259639546094,0.8917163903255779,240,Europe
