region,grid,lead_h,ece_10bins,mce_10bins,ece_20bins,mce_20bins,event_rate,mean_pred_prob,prob_bias
Europe,0.25,24,0.260751,0.45027,0.260751,0.45027,0.099225,0.359669,0.260444
Europe,0.25,48,0.388123,0.538083,0.388123,0.538083,0.09927,0.48734,0.38807
Europe,0.25,72,0.429731,0.577825,0.429731,0.577825,0.099109,0.528762,0.429653
Europe,0.25,96,0.444357,0.594388,0.444357,0.594388,0.098975,0.543272,0.444296
Europe,0.25,120,0.452122,0.598032,0.452122,0.598032,0.09957,0.55164,0.452069
Europe,0.25,144,0.452093,0.604219,0.452093,0.604219,0.099792,0.55183,0.452039
Europe,0.25,168,0.454477,0.608948,0.454477,0.608948,0.098873,0.553301,0.454428
Europe,0.25,192,0.456924,0.610113,0.456924,0.610113,0.099451,0.556343,0.456891
Europe,0.25,216,0.454435,0.612576,0.454435,0.612576,0.099232,0.553647,0.454415
Europe,0.25,240,0.448154,0.611144,0.448154,0.611144,0.098966,0.547092,0.448126
