lead_h,event_rate,region,grid
24,0.099222,Europe,0.25
48,0.099202,Europe,0.25
72,0.099167,Europe,0.25
96,0.09918,Europe,0.25
120,0.099251,Europe,0.25
144,0.099202,Europe,0.25
168,0.099124,Europe,0.25
192,0.099044,Europe,0.25
216,0.099219,Europe,0.25
240,0.099558,Europe,0.25
24,0.100271,WCE,0.25
48,0.100579,WCE,0.25
72,0.100884,WCE,0.25
96,0.101139,WCE,0.25
120,0.101469,WCE,0.25
144,0.101826,WCE,0.25
168,0.102036,WCE,0.25
192,0.102153,WCE,0.25
216,0.102258,WCE,0.25
240,0.102327,WCE,0.25
24,0.099222,Europe,0.25
48,0.099202,Europe,0.25
72,0.099167,Europe,0.25
96,0.09918,Europe,0.25
120,0.099251,Europe,0.25
144,0.099202,Europe,0.25
168,0.099124,Europe,0.25
192,0.099044,Europe,0.25
216,0.099219,Europe,0.25
240,0.099558,Europe,0.25
24,0.100271,WCE,0.25
48,0.100579,WCE,0.25
72,0.100884,WCE,0.25
96,0.101139,WCE,0.25
120,0.101469,WCE,0.25
144,0.101826,WCE,0.25
168,0.102036,WCE,0.25
192,0.102153,WCE,0.25
216,0.102258,WCE,0.25
240,0.102327,WCE,0.25
