grid,region,lead_h,roc_auc,rocss,pr_auc,brier,n_valid,n_pos,n_neg
0.25,Europe,24,0.901711,0.803423,0.406548,0.164221,25488972,2534578,22954394
0.25,Europe,48,0.738944,0.477887,0.175389,0.251093,25488972,2531167,22957805
0.25,Europe,72,0.664359,0.328717,0.140544,0.285124,25488972,2526481,22962491
0.25,Europe,96,0.63035,0.260699,0.128804,0.297603,25488972,2524767,22964205
0.25,Europe,120,0.617598,0.235196,0.124604,0.305128,25488972,2524066,22964906
0.25,Europe,144,0.606262,0.212524,0.120967,0.305251,25488972,2521547,22967425
0.25,Europe,168,0.599769,0.199539,0.118494,0.306794,25488972,2518628,22970344
0.25,Europe,192,0.594279,0.188557,0.117372,0.309748,25488972,2512973,22975999
0.25,Europe,216,0.590634,0.181267,0.116144,0.306863,25488972,2515794,22973178
0.25,Europe,240,0.586907,0.173814,0.115741,0.300101,25488972,2523887,22965085
0.25,WCE,24,0.901873,0.803747,0.394593,0.167128,8360172,840412,7519760
0.25,WCE,48,0.745146,0.490293,0.177135,0.252927,8360172,842746,7517426
