type,lead_h,init_time,valid_time,score
abs_tp_error,72,2020-09-30 12:00:00,2020-10-03 12:00:00,7.6166
abs_tp_error,72,2020-09-25 00:00:00,2020-09-28 00:00:00,7.61533
abs_tp_error,72,2020-09-24 12:00:00,2020-09-27 12:00:00,7.537438
abs_tp_error,72,2020-09-30 00:00:00,2020-10-03 00:00:00,7.395371
abs_tp_error,72,2020-10-01 00:00:00,2020-10-04 00:00:00,7.286168
abs_tp_error,120,2020-09-12 00:00:00,2020-09-17 00:00:00,7.84497
abs_tp_error,120,2020-09-23 00:00:00,2020-09-28 00:00:00,7.612896
abs_tp_error,120,2020-09-28 12:00:00,2020-10-03 12:00:00,7.562281
abs_tp_error,120,2020-09-25 12:00:00,2020-09-30 12:00:00,7.439905
abs_tp_error,120,2020-09-28 00:00:00,2020-10-03 00:00:00,7.416944
abs_tp_error,240,2020-09-07 00:00:00,2020-09-17 00:00:00,7.746546
abs_tp_error,240,2020-09-09 00:00:00,2020-09-19 00:00:00,7.668979
abs_tp_error,240,2020-11-01 00:00:00,2020-11-11 00:00:00,7.613858
abs_tp_error,240,2020-11-18 12:00:00,2020-11-28 12:00:00,7.58994
abs_tp_error,240,2020-11-19 00:00:00,2020-11-29 00:00:00,7.583945
false_alarm_risk,72,2020-02-11 12:00:00,2020-02-14 12:00:00,0.586986
false_alarm_risk,72,2020-12-15 00:00:00,2020-12-18 00:00:00,0.577747
false_alarm_risk,72,2020-12-14 12:00:00,2020-12-17 12:00:00,0.574277
false_alarm_risk,72,2020-12-28 12:00:00,2020-12-31 12:00:00,0.571763
false_alarm_risk,72,2020-12-28 00:00:00,2020-12-31 00:00:00,0.568699
false_alarm_risk,120,2020-02-14 00:00:00,2020-02-19 00:00:00,0.606758
false_alarm_risk,120,2020-02-13 12:00:00,2020-02-18 12:00:00,0.600258
false_alarm_risk,120,2020-02-14 12:00:00,2020-02-19 12:00:00,0.593175
false_alarm_risk,120,2020-12-13 00:00:00,2020-12-18 00:00:00,0.587863
false_alarm_risk,120,2020-12-25 00:00:00,2020-12-30 00:00:00,0.578729
false_alarm_risk,240,2020-12-08 00:00:00,2020-12-18 00:00:00,0.583734
false_alarm_risk,240,2020-11-04 00:00:00,2020-11-14 00:00:00,0.576374
false_alarm_risk,240,2020-11-01 00:00:00,2020-11-11 00:00:00,0.566933
false_alarm_risk,240,2020-12-07 12:00:00,2020-12-17 12:00:00,0.566681
false_alarm_risk,240,2020-02-08 12:00:00,2020-02-18 12:00:00,0.564357
miss_risk,72,2020-12-24 12:00:00,2020-12-27 12:00:00,0.098057
miss_risk,72,2020-12-25 00:00:00,2020-12-28 00:00:00,0.091317
miss_risk,72,2020-12-01 12:00:00,2020-12-04 12:00:00,0.088532
miss_risk,72,2020-06-02 12:00:00,2020-06-05 12:00:00,0.0867
miss_risk,72,2020-12-02 00:00:00,2020-12-05 00:00:00,0.083972
miss_risk,120,2020-12-22 12:00:00,2020-12-27 12:00:00,0.096602
miss_risk,120,2020-12-23 00:00:00,2020-12-28 00:00:00,0.091885
miss_risk,120,2020-02-12 00:00:00,2020-02-17 00:00:00,0.090613
miss_risk,120,2020-12-21 00:00:00,2020-12-26 00:00:00,0.088395
miss_risk,120,2020-05-31 12:00:00,2020-06-05 12:00:00,0.084905
miss_risk,240,2020-02-07 00:00:00,2020-02-17 00:00:00,0.10129
miss_risk,240,2020-12-17 12:00:00,2020-12-27 12:00:00,0.097546
miss_risk,240,2020-12-31 00:00:00,2021-01-10 00:00:00,0.088674
miss_risk,240,2020-12-18 00:00:00,2020-12-28 00:00:00,0.088101
miss_risk,240,2020-09-17 00:00:00,2020-09-27 00:00:00,0.087294
